date,population,TMAX,TMIN,TAVG,TDTR,PRCP(-1),PRCP(-2),PRCP,year,month,air_temperature,dew_point_temperature,relative_humidity,specific_humidity,total_cases,place
2000-07,386666.0,31.458333333333332,20.325,25.916666666666668,11.133333333333333,85.8,309.3,97.29999999999998,2000,07,296.38324,293.75934,87.40678,15.334194,0,Iquitos
2000-08,386666.0,32.86470588235294,21.17058823529412,27.017647058823535,11.694117647058825,97.29999999999998,85.8,225.2,2000,08,298.41354,293.17548,76.23516,14.762258,0,Iquitos
2000-09,386666.0,33.300000000000004,20.925,27.108333333333334,12.375,225.2,97.29999999999998,247.1,2000,09,299.03635,293.185,73.20033,14.805333,1,Iquitos
2000-10,386666.0,33.16363636363636,21.709090909090907,27.436363636363637,11.454545454545455,247.1,225.2,81.19999999999999,2000,10,299.02484,294.7029,79.25032,16.219677,2,Iquitos
2000-11,386666.0,33.400000000000006,21.55,27.475,11.850000000000001,81.19999999999999,247.1,25.4,2000,11,300.68765,294.24866,71.011665,15.850667,0,Iquitos
2000-12,386666.0,32.018181818181816,21.436363636363637,26.718181818181815,10.581818181818184,25.4,81.19999999999999,160.3,2000,12,299.26807,293.38452,73.79549,15.092258,1,Iquitos
2001-01,393355.0,31.615789473684206,21.44736842105263,26.536842105263162,10.168421052631578,160.3,25.4,286.30000000000007,2001,01,296.77258,294.6003,89.367744,16.09871,0,Iquitos
2001-02,393355.0,31.493333333333332,21.886666666666667,26.68,9.606666666666666,286.30000000000007,160.3,131.29999999999998,2001,02,296.20322,294.71393,92.13,16.240715,0,Iquitos
2001-03,393355.0,32.18181818181818,21.55454545454546,26.87272727272727,10.627272727272727,131.29999999999998,286.30000000000007,186.9,2001,03,297.25034,295.78387,92.76032,17.35129,0,Iquitos
2001-04,393355.0,32.46923076923077,21.43076923076923,26.961538461538467,11.038461538461538,186.9,131.29999999999998,170.9,2001,04,297.30865,295.81967,92.666664,17.369667,1,Iquitos
2001-05,393355.0,32.37777777777777,21.677777777777777,27.022222222222222,10.700000000000001,170.9,186.9,108.19999999999999,2001,05,297.1071,295.98322,94.44871,17.542904,2,Iquitos
2001-06,393355.0,31.846153846153847,21.246153846153845,26.553846153846152,10.600000000000001,108.19999999999999,170.9,63.300000000000004,2001,06,295.53134,292.926,87.17133,14.513333,1,Iquitos
2001-07,393355.0,31.977777777777778,21.299999999999997,26.633333333333333,10.677777777777777,63.300000000000004,108.19999999999999,75.6,2001,07,296.84903,293.9155,85.89774,15.426774,0,Iquitos
2001-08,393355.0,32.849999999999994,21.0,26.933333333333334,11.850000000000001,75.6,63.300000000000004,69.1,2001,08,298.5055,293.2042,74.94452,14.80871,0,Iquitos
2001-09,393355.0,33.418181818181814,21.01818181818182,27.218181818181815,12.399999999999999,69.1,75.6,117.0,2001,09,298.71033,294.463,80.12767,16.011333,0,Iquitos
2001-10,393355.0,33.50666666666667,22.1,27.799999999999997,11.406666666666666,117.0,69.1,290.1,2001,10,299.17032,294.96484,80.42033,16.586452,0,Iquitos
2001-11,393355.0,33.51111111111111,22.48888888888889,27.999999999999996,11.022222222222222,290.1,117.0,51.0,2001,11,298.695,296.16666,88.14333,17.796999,2,Iquitos
2001-12,393355.0,32.64666666666667,22.366666666666667,27.506666666666664,10.28,51.0,290.1,114.1,2001,12,298.35355,297.21,94.437096,18.960968,8,Iquitos
2002-01,399770.0,33.459999999999994,21.92,27.689999999999998,11.540000000000001,114.1,51.0,69.3,2002,01,298.6245,295.19388,83.74516,16.749355,66,Iquitos
2002-02,399770.0,32.88333333333333,22.09166666666667,27.49166666666667,10.791666666666666,69.3,114.1,92.29999999999998,2002,02,297.5,296.2075,93.62572,17.791428,47,Iquitos
2002-03,399770.0,32.300000000000004,21.114285714285717,26.714285714285715,11.185714285714285,92.29999999999998,69.3,109.80000000000001,2002,03,297.52194,296.52225,95.04226,18.129354,32,Iquitos
2002-04,399770.0,32.2,21.825000000000003,27.025000000000002,10.375,109.80000000000001,92.29999999999998,26.0,2002,04,297.40134,296.37766,94.73534,17.977333,59,Iquitos
2002-05,399770.0,32.338461538461544,21.646153846153847,26.98461538461538,10.692307692307692,26.0,109.80000000000001,105.9,2002,05,297.05066,296.11,95.22516,17.654516,50,Iquitos
2002-06,399770.0,31.119999999999997,21.839999999999996,26.46,9.28,105.9,26.0,23.1,2002,06,296.246,293.69366,87.35267,15.312667,27,Iquitos
2002-07,399770.0,32.02222222222222,21.077777777777776,26.555555555555557,10.944444444444443,23.1,105.9,44.4,2002,07,296.4455,293.4861,85.53774,14.982258,29,Iquitos
2002-08,399770.0,33.12857142857143,22.057142857142857,27.571428571428573,11.071428571428571,44.4,23.1,35.3,2002,08,297.84225,293.03452,77.0829,14.635806,27,Iquitos
2002-09,399770.0,34.85555555555556,22.055555555555557,28.444444444444443,12.8,35.3,44.4,241.8,2002,09,299.55466,293.46268,72.976,15.153,65,Iquitos
2002-10,399770.0,33.67,22.440000000000005,28.05,11.23,241.8,35.3,189.40000000000003,2002,10,298.22226,295.93323,88.66871,17.541935,121,Iquitos
2002-11,399770.0,32.980000000000004,23.029999999999994,28.009999999999998,9.95,189.40000000000003,241.8,51.3,2002,11,297.67267,296.521,94.15,18.139334,82,Iquitos
2002-12,399770.0,32.77333333333334,23.240000000000002,28.0,9.533333333333335,51.3,189.40000000000003,212.7,2002,12,297.6871,296.49323,93.87742,18.104193,99,Iquitos
2003-01,405988.0,33.83333333333333,23.266666666666666,28.566666666666666,10.566666666666666,212.7,51.3,61.2,2003,01,298.08582,295.46838,87.36355,17.037743,24,Iquitos
2003-02,405988.0,31.82,23.119999999999997,27.48,8.7,61.2,212.7,5.0,2003,02,297.9043,295.9018,90.28714,17.470358,12,Iquitos
2003-03,405988.0,33.60909090909091,23.118181818181817,28.354545454545452,10.49090909090909,5.0,61.2,195.2,2003,03,297.74582,296.47903,93.839035,18.099031,11,Iquitos
2003-04,405988.0,32.443749999999994,23.293749999999996,27.8625,9.15,195.2,5.0,103.90000000000002,2003,04,297.36032,296.51166,95.642,18.119667,1,Iquitos
2003-05,405988.0,31.993333333333336,23.280000000000005,27.633333333333333,8.713333333333335,103.90000000000002,195.2,328.8,2003,05,296.20065,295.3587,95.84516,16.866451,4,Iquitos
2003-06,405988.0,32.05384615384615,22.469230769230766,27.24615384615384,9.584615384615386,328.8,103.90000000000002,155.2,2003,06,295.919,294.79767,94.247,16.297,15,Iquitos
2003-07,405988.0,32.36666666666667,21.880000000000003,27.133333333333326,10.486666666666666,155.2,328.8,145.2,2003,07,296.78128,293.23386,83.02839,14.805806,11,Iquitos
2003-08,405988.0,33.05,21.880000000000003,27.47,11.17,145.2,155.2,73.7,2003,08,297.53644,293.42322,80.49709,15.0170965,0,Iquitos
2003-09,405988.0,33.99166666666667,22.266666666666666,28.125,11.725,73.7,145.2,118.60000000000001,2003,09,298.29034,294.65735,82.93533,16.249,5,Iquitos
2003-10,405988.0,33.09166666666667,22.89166666666667,27.966666666666665,10.200000000000001,118.60000000000001,73.7,108.80000000000001,2003,10,298.8071,295.97,86.492256,17.587097,7,Iquitos
2003-11,405988.0,33.42727272727273,23.054545454545455,28.263636363636362,10.372727272727273,108.80000000000001,118.60000000000001,291.6,2003,11,298.49133,296.22968,89.143,17.896334,9,Iquitos
2003-12,405988.0,32.91,22.87,27.890000000000004,10.040000000000001,291.6,108.80000000000001,136.8,2003,12,298.18195,296.45355,91.80129,18.084839,15,Iquitos
2004-01,412095.0,34.46153846153846,22.830769230769228,28.646153846153844,11.63076923076923,136.8,291.6,56.1,2004,01,299.21194,295.14066,81.619354,16.787096,24,Iquitos
2004-02,412095.0,32.824999999999996,22.891666666666666,27.866666666666664,9.933333333333332,56.1,136.8,111.9,2004,02,298.10275,295.95206,89.48103,17.531034,13,Iquitos
2004-03,412095.0,33.13,23.45,28.28,9.68,111.9,56.1,49.0,2004,03,297.3503,296.57645,95.97549,18.195807,10,Iquitos
2004-04,412095.0,32.518181818181816,22.763636363636365,27.636363636363637,9.754545454545454,49.0,111.9,42.4,2004,04,297.72568,296.841,95.478,18.488667,26,Iquitos
2004-05,412095.0,31.416666666666668,22.933333333333334,27.183333333333334,8.483333333333333,42.4,49.0,296.2,2004,05,297.1158,295.7716,93.407745,17.321936,24,Iquitos
2004-06,412095.0,30.2,21.545454545454547,25.85454545454546,8.654545454545454,296.2,42.4,188.4,2004,06,295.962,294.69034,93.43967,16.138332,27,Iquitos
2004-07,412095.0,31.925,21.575000000000003,26.75,10.350000000000001,188.4,296.2,6.1,2004,07,296.86322,294.4529,88.437744,15.941936,38,Iquitos
2004-08,412095.0,32.0,22.2,27.1,9.8,6.1,188.4,62.0,2004,08,297.56644,293.7629,81.73419,15.304839,23,Iquitos
2004-09,412095.0,32.955555555555556,22.211111111111112,27.58888888888889,10.744444444444447,62.0,6.1,32.5,2004,09,298.36966,295.58932,86.442665,17.143667,54,Iquitos
2004-10,412095.0,33.388888888888886,22.266666666666666,27.82222222222222,11.122222222222222,32.5,62.0,5.3,2004,10,298.76096,296.12903,87.55516,17.741936,51,Iquitos
2004-11,412095.0,33.14444444444444,22.733333333333334,27.955555555555556,10.411111111111111,5.3,32.5,212.9,2004,11,298.38068,296.55,91.24267,18.216,110,Iquitos
2004-12,412095.0,33.08,23.31,28.2,9.77,212.9,5.3,169.20000000000002,2004,12,298.49872,296.5813,90.66968,18.245806,238,Iquitos
2005-01,418168.0,34.19166666666666,23.14166666666667,28.65833333333333,11.049999999999999,169.20000000000002,212.9,230.8,2005,01,299.03098,296.81128,89.34387,18.511612,39,Iquitos
2005-02,418168.0,32.733333333333334,23.277777777777782,28.000000000000004,9.455555555555556,230.8,169.20000000000002,178.29999999999998,2005,02,297.80856,296.70142,94.42607,18.363928,32,Iquitos
2005-03,418168.0,32.733333333333334,23.183333333333334,27.958333333333332,9.549999999999999,178.29999999999998,230.8,124.29999999999998,2005,03,297.73547,296.3771,93.19549,17.974838,37,Iquitos
2005-04,418168.0,32.3625,23.25,27.799999999999997,9.112499999999999,124.29999999999998,178.29999999999998,62.8,2005,04,297.63034,296.993,96.57467,18.675333,47,Iquitos
2005-05,418168.0,33.04,22.42,27.74,10.620000000000001,62.8,124.29999999999998,17.8,2005,05,298.33194,296.09644,89.01516,17.678387,29,Iquitos
2005-06,418168.0,31.854545454545452,22.60909090909091,27.218181818181815,9.245454545454546,17.8,62.8,272.6,2005,06,297.28635,295.16034,89.47366,16.667667,17,Iquitos
2005-07,418168.0,32.06666666666667,21.244444444444444,26.644444444444446,10.822222222222223,272.6,17.8,209.5,2005,07,297.57193,292.9213,78.23903,14.541613,26,Iquitos
2005-08,418168.0,32.62,21.2,26.919999999999998,11.42,209.5,272.6,32.5,2005,08,298.86646,293.62775,75.53839,15.202258,14,Iquitos
2005-09,418168.0,32.3,19.15,25.700000000000003,13.15,32.5,209.5,56.9,2005,09,299.51868,294.182,75.178,15.723667,0,Iquitos
2005-10,418168.0,33.824999999999996,22.737499999999997,28.275,11.0875,56.9,32.5,209.3,2005,10,299.19226,295.54095,82.4529,17.154194,16,Iquitos
2005-11,418168.0,33.4,22.6,27.975,10.8,209.3,56.9,20.0,2005,11,299.04666,296.723,88.80867,18.418333,28,Iquitos
2005-12,418168.0,33.3,22.724999999999998,28.0,10.575,20.0,209.3,125.30000000000001,2005,12,297.98065,296.14355,91.298065,17.820322,26,Iquitos
2006-01,424247.0,32.857142857142854,22.44285714285714,27.642857142857142,10.414285714285713,125.30000000000001,20.0,213.0,2006,01,298.03195,296.07,90.61065,17.720968,92,Iquitos
2006-02,424247.0,32.58,22.880000000000003,27.72,9.7,213.0,125.30000000000001,7.3999999999999995,2006,02,297.97144,296.27142,91.62643,17.898928,111,Iquitos
2006-03,424247.0,33.14,23.18,28.160000000000004,9.959999999999999,7.3999999999999995,213.0,51.8,2006,03,297.77356,296.63257,94.27742,18.259356,55,Iquitos
2006-04,424247.0,31.775000000000002,22.925,27.325,8.85,51.8,7.3999999999999995,163.0,2006,04,297.68268,296.207,92.61467,17.823334,48,Iquitos
2006-05,424247.0,30.8625,21.9625,26.412499999999998,8.899999999999999,163.0,51.8,214.29999999999998,2006,05,296.55356,293.7342,86.49742,15.394516,26,Iquitos
2006-06,424247.0,31.766666666666666,21.8,26.76666666666667,9.966666666666667,214.29999999999998,163.0,63.0,2006,06,297.00433,294.45035,87.59267,15.951667,9,Iquitos
2006-07,424247.0,32.02222222222222,21.766666666666666,26.9,10.255555555555556,63.0,214.29999999999998,41.1,2006,07,297.3884,293.97644,83.65581,15.519355,10,Iquitos
2006-08,424247.0,32.653333333333336,21.86666666666667,27.25333333333333,10.786666666666665,41.1,63.0,259.1,2006,08,298.26385,294.71,82.9729,16.242903,10,Iquitos
2006-09,424247.0,34.0,21.95,27.974999999999998,12.05,259.1,41.1,15.5,2006,09,299.142,294.30966,77.85433,15.8689995,11,Iquitos
2006-10,424247.0,33.371428571428574,22.87857142857143,28.135714285714283,10.492857142857144,15.5,259.1,206.79999999999998,2006,10,299.53644,297.03354,87.65516,18.76387,25,Iquitos
2006-11,424247.0,32.25714285714286,23.12857142857143,27.685714285714287,9.128571428571428,206.79999999999998,15.5,93.7,2006,11,298.48932,297.04468,92.865,18.774,31,Iquitos
2006-12,424247.0,32.266666666666666,22.8,27.533333333333335,9.466666666666667,93.7,206.79999999999998,213.0,2006,12,297.96484,296.9268,94.853546,18.598387,8,Iquitos
2007-01,430268.0,31.83125,22.91875,27.368750000000002,8.9125,213.0,93.7,514.3000000000001,2007,01,297.63904,296.5955,94.60774,18.20387,35,Iquitos
2007-02,430268.0,33.9,22.366666666666664,28.133333333333336,11.533333333333333,514.3000000000001,213.0,71.2,2007,02,299.16464,294.54108,78.957146,16.179644,37,Iquitos
2007-03,430268.0,32.39,22.609999999999996,27.5,9.780000000000001,71.2,514.3000000000001,353.1,2007,03,297.50516,296.4258,94.4471,18.04871,21,Iquitos
2007-04,430268.0,31.729999999999997,22.990000000000002,27.369999999999997,8.74,353.1,71.2,315.1,2007,04,297.32,296.32233,94.846,17.913666,30,Iquitos
2007-05,430268.0,31.71666666666667,21.333333333333332,26.516666666666666,10.383333333333333,315.1,353.1,95.3,2007,05,296.52063,295.01678,92.37,16.63,28,Iquitos
2007-06,430268.0,30.6375,22.150000000000002,26.4,8.487499999999999,95.3,315.1,96.0,2007,06,296.595,294.70233,90.542,16.186666,10,Iquitos
2007-07,430268.0,30.912499999999998,21.6875,26.3125,9.225,96.0,95.3,100.9,2007,07,296.8658,293.7287,85.09516,15.295161,21,Iquitos
2007-08,430268.0,32.41428571428572,21.65714285714285,27.014285714285712,10.757142857142858,100.9,96.0,40.00000000000001,2007,08,298.72388,293.94257,78.45,15.502903,13,Iquitos
2007-09,430268.0,33.462500000000006,21.925,27.6875,11.537500000000001,40.00000000000001,100.9,233.9,2007,09,298.62766,295.61435,85.31333,17.131666,20,Iquitos
2007-10,430268.0,31.800000000000004,22.299999999999997,27.05,9.5,233.9,40.00000000000001,33.3,2007,10,298.38388,296.26614,89.81806,17.894516,37,Iquitos
2007-11,430268.0,31.807692307692314,22.74615384615385,27.25384615384616,9.061538461538463,33.3,233.9,364.19999999999993,2007,11,298.36667,296.787,92.24467,18.491,29,Iquitos
2007-12,430268.0,31.8,23.014285714285712,27.414285714285715,8.785714285714288,364.19999999999993,33.3,438.6,2007,12,297.84775,296.48096,93.17516,18.125807,84,Iquitos
2008-01,436185.0,31.28333333333333,22.816666666666663,27.049999999999997,8.466666666666667,438.6,364.19999999999993,216.2,2008,01,297.59195,296.39484,94.019035,18.029032,186,Iquitos
2008-02,436185.0,30.9375,22.375,26.662499999999998,8.5625,216.2,438.6,201.2,2008,02,297.62726,295.8262,91.28414,17.407587,111,Iquitos
2008-03,436185.0,31.014285714285716,22.800000000000004,26.928571428571423,8.214285714285714,201.2,216.2,305.90000000000003,2008,03,297.4858,295.72064,91.15516,17.280323,41,Iquitos
2008-04,436185.0,31.485714285714288,23.414285714285715,27.428571428571427,8.071428571428571,305.90000000000003,201.2,116.1,2008,04,297.41232,296.37933,94.70533,17.995333,14,Iquitos
2008-05,436185.0,31.11428571428571,22.785714285714285,26.95714285714286,8.328571428571427,116.1,305.90000000000003,49.0,2008,05,296.0113,295.0055,94.674194,16.52484,4,Iquitos
2008-06,436185.0,,,,,,,,2008,06,296.439,294.617,91.011,16.108334,2,Iquitos
2008-07,436185.0,31.67142857142857,21.514285714285712,26.557142857142853,10.157142857142857,49.0,116.1,31.6,2008,07,296.60742,294.65967,90.61484,16.160645,12,Iquitos
2008-08,436185.0,33.823076923076925,21.72307692307692,27.76923076923077,12.099999999999998,31.6,49.0,63.1,2008,08,298.29904,295.0329,84.92968,16.59871,17,Iquitos
2008-09,436185.0,33.68,21.67,27.669999999999998,12.01,63.1,31.6,63.5,2008,09,297.84433,295.39166,88.27133,16.949333,115,Iquitos
2008-10,436185.0,34.540000000000006,22.04,28.28,12.499999999999998,63.5,63.1,138.0,2008,10,298.65128,296.27548,88.93452,17.934193,191,Iquitos
2008-11,436185.0,33.1625,21.674999999999997,27.424999999999997,11.487499999999999,138.0,63.5,186.69999999999996,2008,11,298.51434,297.176,93.454666,18.949667,80,Iquitos
2008-12,436185.0,33.44444444444444,22.06666666666667,27.766666666666666,11.377777777777776,186.69999999999996,138.0,73.6,2008,12,298.92227,295.87903,85.799355,17.517742,28,Iquitos
2009-01,441939.0,32.676923076923075,21.846153846153847,27.246153846153845,10.830769230769231,73.6,186.69999999999996,231.1,2009,01,297.12677,296.33517,95.825485,17.937742,86,Iquitos
2009-02,441939.0,33.23333333333333,21.358333333333334,27.316666666666666,11.875,231.1,73.6,213.29999999999998,2009,02,297.48465,296.34644,94.218575,17.949642,83,Iquitos
2009-03,441939.0,33.44,22.619999999999997,28.060000000000002,10.819999999999999,213.29999999999998,231.1,30.0,2009,03,297.25034,296.55646,96.396774,18.180967,34,Iquitos
2009-04,441939.0,32.12,21.93,27.02,10.19,30.0,213.29999999999998,266.79999999999995,2009,04,297.40567,296.40332,94.930664,18.005667,28,Iquitos
2009-05,441939.0,33.1875,22.375,27.7875,10.8125,266.79999999999995,30.0,15.0,2009,05,297.1116,296.01968,94.71258,17.575161,7,Iquitos
2009-06,441939.0,31.83333333333333,21.61666666666667,26.73333333333333,10.216666666666667,15.0,266.79999999999995,59.1,2009,06,296.20834,295.03433,94.084,16.568333,13,Iquitos
2009-07,441939.0,32.5875,21.575000000000003,27.0625,11.0125,59.1,15.0,48.8,2009,07,296.66644,294.7987,90.98161,16.310646,6,Iquitos
2009-08,441939.0,34.48,21.86,28.179999999999996,12.620000000000001,48.8,59.1,33.0,2009,08,298.2713,295.75937,88.07,17.333872,22,Iquitos
2009-09,441939.0,34.3375,21.7875,28.0625,12.549999999999999,33.0,48.8,49.1,2009,09,299.14133,295.41434,82.86833,16.990667,6,Iquitos
2009-10,441939.0,33.35555555555556,21.6,27.466666666666672,11.755555555555555,49.1,33.0,86.29999999999998,2009,10,299.02612,296.58322,88.30484,18.270323,8,Iquitos
2009-11,441939.0,34.03,22.6,28.3,11.43,86.29999999999998,49.1,170.2,2009,11,299.73,296.85733,86.858,18.595333,22,Iquitos
2009-12,441939.0,33.1,22.77,27.93,10.33,170.2,86.29999999999998,70.10000000000001,2009,12,298.26096,296.6771,92.312904,18.340322,9,Iquitos
2010-01,447467.0,33.1,22.555555555555557,27.833333333333336,10.544444444444444,70.10000000000001,170.2,194.5,2010,01,298.7284,296.04968,87.36387,17.68129,52,Iquitos
2010-02,447467.0,32.480000000000004,22.439999999999998,27.46,10.04,194.5,70.10000000000001,47.0,2010,02,298.8325,297.67178,94.3875,19.48607,57,Iquitos
2010-03,447467.0,33.35,22.333333333333332,27.849999999999998,11.016666666666667,47.0,194.5,18.3,2010,03,298.91418,297.67517,93.96065,19.523226,49,Iquitos
2010-04,447467.0,33.375,22.7375,28.037499999999998,10.6375,18.3,47.0,91.49999999999999,2010,04,298.61032,297.22665,93.202,18.941668,31,Iquitos
2010-05,447467.0,32.0875,21.7875,26.937499999999996,10.299999999999999,91.49999999999999,18.3,91.2,2010,05,298.08807,295.93195,90.00194,17.584517,20,Iquitos
2010-06,447467.0,30.67142857142857,21.414285714285718,26.02857142857143,9.257142857142856,91.2,91.49999999999999,33.900000000000006,2010,06,297.21033,295.69034,92.501,17.208,14,Iquitos
2010-07,447467.0,32.266666666666666,21.63333333333333,26.96666666666667,10.633333333333333,33.900000000000006,91.2,26.1,2010,07,297.76904,294.62967,84.80839,16.23355,2,Iquitos
2010-08,447467.0,33.65714285714286,21.457142857142856,27.571428571428573,12.2,26.1,33.900000000000006,35.9,2010,08,299.21097,293.91934,76.27645,15.625161,1,Iquitos
2010-09,447467.0,33.875,21.55,27.712500000000002,12.325,35.9,26.1,26.700000000000003,2010,09,299.635,294.90298,78.140335,16.475666,9,Iquitos
2010-10,447467.0,34.86666666666667,21.883333333333336,28.400000000000002,12.983333333333333,26.700000000000003,35.9,62.1,2010,10,299.6926,296.15775,83.93903,17.836128,21,Iquitos
2010-11,447467.0,33.9076923076923,21.23076923076923,27.561538461538458,12.676923076923076,62.1,26.700000000000003,129.1,2010,11,298.998,296.65,88.83,18.387667,33,Iquitos
2010-12,447467.0,32.21,21.39,26.8,10.819999999999999,129.1,62.1,52.300000000000004,2010,12,298.56613,296.06354,88.008064,17.72,53,Iquitos
2011-01,452757.0,33.042857142857144,22.228571428571428,27.642857142857142,10.814285714285715,52.300000000000004,129.1,42.4,2011,01,298.20547,295.26517,85.85935,16.915161,328,Iquitos
2011-02,452757.0,33.07142857142857,21.914285714285715,27.528571428571432,11.157142857142857,42.4,52.300000000000004,13.799999999999999,2011,02,297.7314,296.6232,94.288574,18.304285,54,Iquitos
2011-03,452757.0,32.14166666666667,21.816666666666666,26.98333333333333,10.325,13.799999999999999,42.4,67.7,2011,03,297.6571,296.51193,94.1971,18.18871,35,Iquitos
2011-04,452757.0,31.966666666666665,22.244444444444444,27.12222222222222,9.722222222222221,67.7,13.799999999999999,69.4,2011,04,297.149,296.58267,97.00167,18.240667,27,Iquitos
2011-05,452757.0,31.300000000000004,22.5,26.885714285714283,8.8,69.4,67.7,15.4,2011,05,296.52356,295.4355,94.49839,17.003548,8,Iquitos
2011-06,452757.0,,,,,,,,2011,06,295.95633,294.55032,93.08566,16.086,14,Iquitos
2011-07,452757.0,32.36,21.2,26.8,11.16,15.4,69.4,13.9,2011,07,296.3532,294.01547,88.78258,15.538387,8,Iquitos
2011-08,452757.0,33.3,21.65,27.5,11.649999999999999,13.9,15.4,14.2,2011,08,297.83194,293.6116,80.58193,15.225484,6,Iquitos
2011-09,452757.0,32.900000000000006,21.82222222222222,27.377777777777776,11.07777777777778,14.2,13.9,105.89999999999999,2011,09,297.99,294.966,85.654,16.558666,5,Iquitos
2011-10,452757.0,33.53,22.23,27.880000000000003,11.3,105.89999999999999,14.2,147.0,2011,10,298.39355,296.31485,89.89774,17.995806,10,Iquitos
2011-11,452757.0,33.08888888888889,22.288888888888888,27.688888888888883,10.799999999999999,147.0,105.89999999999999,123.19999999999999,2011,11,298.36032,296.576,91.334335,18.294333,3,Iquitos
2011-12,452757.0,32.31999999999999,22.619999999999997,27.479999999999997,9.7,123.19999999999999,147.0,89.49999999999999,2011,12,297.32388,296.28806,94.80548,17.949032,11,Iquitos
2012-01,457865.0,32.04545454545455,22.454545454545453,27.245454545454546,9.590909090909092,89.49999999999999,123.19999999999999,66.7,2012,01,297.23096,296.12387,94.4342,17.757097,13,Iquitos
2012-02,457865.0,31.5,22.157142857142855,26.8,9.342857142857142,66.7,89.49999999999999,124.19999999999999,2012,02,297.13242,295.7524,93.16,17.388275,10,Iquitos
2012-03,457865.0,32.08181818181818,22.21818181818182,27.15454545454546,9.863636363636363,124.19999999999999,66.7,170.8,2012,03,297.09937,295.90936,94.15194,17.515162,14,Iquitos
2012-04,457865.0,32.888888888888886,22.944444444444443,27.922222222222224,9.944444444444445,170.8,124.19999999999999,80.4,2012,04,297.35968,296.43134,95.377,18.082,9,Iquitos
2012-05,457865.0,31.65833333333333,22.316666666666663,27.008333333333326,9.341666666666667,80.4,170.8,52.4,2012,05,296.81192,295.1274,91.72258,16.673225,6,Iquitos
2012-06,457865.0,31.313333333333333,20.766666666666662,26.046666666666667,10.546666666666663,52.4,80.4,109.99999999999999,2012,06,296.741,294.77832,90.423,16.295666,0,Iquitos
2012-07,457865.0,31.327272727272728,20.300000000000004,25.799999999999997,11.027272727272727,109.99999999999999,52.4,23.0,2012,07,296.58356,293.79,86.57742,15.391291,1,Iquitos
2012-08,457865.0,31.360000000000003,21.3,26.32,10.06,23.0,109.99999999999999,57.9,2012,08,297.94904,293.67517,80.31645,15.316452,0,Iquitos
2012-09,457865.0,33.599999999999994,21.9125,27.775,11.6875,57.9,23.0,57.8,2012,09,298.66733,294.073,78.807335,15.614667,15,Iquitos
2012-10,457865.0,33.728571428571435,22.37142857142857,28.057142857142857,11.357142857142858,57.8,57.9,72.6,2012,10,298.78323,296.2884,88.37419,17.976452,8,Iquitos
2012-11,457865.0,32.54444444444445,22.799999999999997,27.67777777777778,9.744444444444444,72.6,57.8,34.0,2012,11,298.68033,297.04868,92.194,18.827,43,Iquitos
2012-12,457865.0,33.48571428571429,22.72857142857143,28.085714285714285,10.757142857142858,34.0,72.6,52.4,2012,12,298.1584,296.78677,93.14484,18.515162,40,Iquitos
2013-01,462783.0,31.109999999999996,22.990000000000002,27.03,8.12,52.4,34.0,127.70000000000002,2013,01,297.21548,295.97192,93.853874,17.58258,86,Iquitos
2013-02,462783.0,31.981818181818184,22.636363636363637,27.30909090909091,9.345454545454546,127.70000000000002,52.4,133.0,2013,02,297.59857,296.57965,94.8975,18.256071,108,Iquitos
2013-03,462783.0,33.162499999999994,22.787499999999998,27.974999999999998,10.375000000000002,133.0,127.70000000000002,129.8,2013,03,297.7958,296.9645,95.81,18.679031,106,Iquitos
2013-04,462783.0,32.54444444444444,22.377777777777776,27.45555555555556,10.166666666666668,129.8,133.0,44.5,2013,04,297.95233,295.77432,89.71066,17.417667,58,Iquitos
2013-05,462783.0,32.13333333333334,22.755555555555553,27.455555555555552,9.377777777777778,44.5,129.8,68.3,2013,05,297.43967,296.19775,93.86258,17.8,30,Iquitos
2013-06,462783.0,31.76923076923077,22.34615384615385,27.053846153846152,9.423076923076923,68.3,44.5,190.0,2013,06,296.61267,294.71466,90.64,16.231,6,Iquitos
1990-04,2217968.0,29.966666666666654,22.35666666666667,26.166666666666664,7.61,79.89999999999999,76.79999999999997,26.8,1990,04,297.94968,293.259,75.47667,14.753333,4,San Juan
1990-05,2217968.0,31.245161290322574,23.958064516129028,27.583870967741937,7.287096774193549,26.8,79.89999999999999,61.79999999999999,1990,05,299.02194,295.21033,79.740326,16.603226,18,San Juan
1990-06,2217968.0,31.45000000000001,24.513333333333332,27.986666666666665,6.936666666666665,61.79999999999999,26.8,109.79999999999998,1990,06,299.52032,296.23334,82.286,17.636667,21,San Juan
1990-07,2217968.0,31.70322580645162,24.441935483870967,28.07741935483871,7.261290322580645,109.79999999999998,61.79999999999999,146.4,1990,07,299.7171,296.1842,81.199036,17.58258,39,San Juan
1990-08,2217968.0,31.767741935483887,24.77741935483871,28.277419354838706,6.990322580645162,146.4,109.79999999999998,86.89999999999999,1990,08,300.27032,296.71063,81.16677,18.16742,85,San Juan
1990-09,2217968.0,32.486666666666665,24.596666666666657,28.536666666666658,7.890000000000002,86.89999999999999,146.4,56.699999999999996,1990,09,300.36734,296.56866,79.93933,18.066,111,San Juan
1990-10,2217968.0,31.745161290322585,23.91935483870967,27.822580645161292,7.825806451612904,56.699999999999996,86.89999999999999,219.8,1990,10,299.52,296.58356,84.11355,18.118387,212,San Juan
1990-11,2217968.0,30.783333333333324,23.253333333333334,27.01333333333333,7.530000000000001,219.8,56.699999999999996,135.5,1990,11,299.398,295.45667,79.081665,16.865,224,San Juan
1990-12,2217968.0,28.516129032258053,21.922580645161286,25.209677419354843,6.593548387096773,135.5,219.8,128.0,1990,12,297.9355,293.07452,74.754196,14.571613,152,San Juan
1991-01,,28.5516129032258,21.383870967741945,24.961290322580645,7.16774193548387,128.0,135.5,65.19999999999999,1991,01,297.80032,292.9642,74.66419,14.391613,139,San Juan
1991-02,,29.432142857142853,21.396428571428576,25.41428571428571,8.035714285714286,65.19999999999999,128.0,57.39999999999999,1991,02,297.37537,293.3743,78.53679,14.789643,79,San Juan
1991-03,,29.583870967741927,22.11935483870968,25.851612903225803,7.464516129032258,57.39999999999999,65.19999999999999,50.599999999999994,1991,03,297.37225,293.20193,77.771935,14.663548,71,San Juan
1991-04,,29.74333333333334,22.64333333333332,26.176666666666677,7.1000000000000005,50.599999999999994,57.39999999999999,44.8,1991,04,297.90668,293.702,77.65134,15.130333,87,San Juan
1991-05,,30.64516129032258,23.845161290322576,27.235483870967737,6.8,44.8,50.599999999999994,82.19999999999999,1991,05,298.67743,294.89548,79.799675,16.269032,54,San Juan
1991-06,,32.12000000000001,24.733333333333334,28.426666666666666,7.386666666666666,82.19999999999999,44.8,70.39999999999999,1991,06,299.64267,295.92667,80.261665,17.325666,72,San Juan
1991-07,,31.63870967741936,25.183870967741935,28.409677419354836,6.454838709677417,70.39999999999999,82.19999999999999,83.69999999999999,1991,07,299.90582,296.21,80.39387,17.602903,93,San Juan
1991-08,,32.29677419354839,25.41290322580645,28.861290322580643,6.8838709677419345,83.69999999999999,70.39999999999999,49.4,1991,08,300.2174,296.56485,80.60806,17.996128,264,San Juan
1991-09,,32.003333333333345,25.003333333333327,28.51333333333333,7.0,49.4,83.69999999999999,127.19999999999999,1991,09,300.177,296.61835,81.085,18.080666,313,San Juan
1991-10,,31.541935483870972,24.390322580645154,27.96451612903226,7.151612903225807,127.19999999999999,49.4,46.5,1991,10,299.7929,295.78098,78.83613,17.21258,667,San Juan
1991-11,,29.899999999999995,23.319999999999993,26.593333333333337,6.579999999999997,46.5,127.19999999999999,156.60000000000002,1991,11,298.60468,295.03467,80.86933,16.439667,565,San Juan
1991-12,,28.167741935483868,21.764516129032263,24.958064516129035,6.403225806451612,156.60000000000002,46.5,68.89999999999999,1991,12,297.61227,292.97192,75.49,14.465161,397,San Juan
1992-01,,28.503225806451606,21.64193548387097,25.070967741935487,6.861290322580644,68.89999999999999,156.60000000000002,102.49999999999997,1992,01,297.39645,293.4587,78.92548,14.902904,415,San Juan
1992-02,,29.220689655172396,22.110344827586204,25.648275862068967,7.1103448275862045,102.49999999999997,68.89999999999999,30.3,1992,02,297.62897,293.6207,78.561035,15.028965,189,San Juan
1992-03,,29.638709677419357,22.39354838709677,26.016129032258064,7.2451612903225815,30.3,102.49999999999997,37.400000000000006,1992,03,297.70096,293.63806,78.24065,15.037097,165,San Juan
1992-04,,30.519999999999996,23.659999999999993,27.07333333333333,6.859999999999999,37.400000000000006,30.3,54.10000000000001,1992,04,298.29166,294.32968,78.956,15.757334,135,San Juan
1992-05,,30.56451612903227,24.158064516129024,27.37096774193548,6.406451612903225,54.10000000000001,37.400000000000006,222.39999999999998,1992,05,298.48904,295.3758,83.22613,16.855162,98,San Juan
1992-06,,31.936666666666667,25.12333333333334,28.53666666666667,6.813333333333332,222.39999999999998,54.10000000000001,141.20000000000005,1992,06,299.41367,296.21667,82.728,17.623,94,San Juan
1992-07,,31.274193548387114,24.696774193548386,27.990322580645167,6.5774193548387085,141.20000000000005,222.39999999999998,111.39999999999998,1992,07,299.5813,296.00226,80.90839,17.37871,152,San Juan
1992-08,,31.706451612903237,24.61290322580645,28.170967741935478,7.0935483870967735,111.39999999999998,141.20000000000005,101.59999999999998,1992,08,299.71805,296.0945,80.70129,17.489033,174,San Juan
1992-09,,31.43333333333334,24.449999999999996,27.94333333333333,6.983333333333332,101.59999999999998,111.39999999999998,136.0,1992,09,299.674,296.174,81.309,17.626667,337,San Juan
1992-10,,32.61612903225807,25.116129032258065,28.874193548387098,7.499999999999998,136.0,101.59999999999998,44.3,1992,10,299.99515,295.93195,78.59451,17.361935,247,San Juan
1992-11,,30.603333333333335,23.56333333333333,27.086666666666662,7.04,44.3,136.0,304.4000000000001,1992,11,298.692,295.31766,81.862335,16.753666,185,San Juan
1992-12,,29.745161290322574,22.85161290322581,26.28387096774194,6.893548387096772,304.4000000000001,44.3,119.99999999999997,1992,12,297.86743,293.92484,78.9471,15.341935,180,San Juan
1993-01,,28.600000000000005,21.7258064516129,25.16774193548388,6.874193548387097,119.99999999999997,304.4000000000001,59.8,1993,01,297.39807,293.33774,78.23645,14.753871,156,San Juan
1993-02,,29.578571428571426,21.98214285714286,25.77142857142857,7.596428571428573,59.8,119.99999999999997,13.0,1993,02,297.05573,292.67,76.660355,14.1725,83,San Juan
1993-03,,30.235483870967748,22.283870967741933,26.261290322580646,7.951612903225809,13.0,59.8,19.900000000000002,1993,03,297.3042,292.93646,76.79581,14.429677,57,San Juan
1993-04,,30.673333333333336,23.009999999999998,26.843333333333327,7.663333333333336,19.900000000000002,13.0,166.5,1993,04,297.99466,294.399,80.610664,15.814333,39,San Juan
1993-05,,30.987096774193553,24.593548387096774,27.790322580645157,6.393548387096773,166.5,19.900000000000002,114.1,1993,05,298.58676,295.78033,84.74387,17.261612,55,San Juan
1993-06,,31.873333333333342,25.07,28.47333333333334,6.803333333333332,114.1,166.5,138.7,1993,06,299.747,296.40033,82.082664,17.834,65,San Juan
1993-07,,31.5483870967742,24.90645161290323,28.225806451612904,6.641935483870966,138.7,114.1,186.50000000000006,1993,07,299.65387,296.2258,81.72032,17.633226,93,San Juan
1993-08,,32.41612903225806,25.56774193548387,29.006451612903227,6.848387096774194,186.50000000000006,138.7,76.7,1993,08,299.9029,296.45547,81.633545,17.88871,77,San Juan
1993-09,,32.00333333333334,24.66,28.33666666666667,7.343333333333333,76.7,186.50000000000006,110.79999999999998,1993,09,299.82034,296.402,81.706665,17.856,98,San Juan
1993-10,,31.812903225806462,24.49032258064515,28.14516129032258,7.322580645161292,110.79999999999998,76.7,70.79999999999998,1993,10,299.94482,296.2658,80.409996,17.704838,149,San Juan
1993-11,,30.786666666666672,23.48666666666666,27.140000000000008,7.300000000000001,70.79999999999998,110.79999999999998,110.39999999999998,1993,11,298.80634,295.18735,80.61467,16.585,145,San Juan
1993-12,,29.74838709677419,22.396774193548392,26.07096774193548,7.351612903225806,110.39999999999998,70.79999999999998,76.39999999999998,1993,12,298.3774,294.0713,77.30225,15.472581,139,San Juan
1994-01,,29.016129032258053,21.87741935483871,25.432258064516123,7.138709677419353,76.39999999999998,110.39999999999998,86.09999999999997,1994,01,297.6958,293.49902,77.61097,14.891935,150,San Juan
1994-02,,29.482142857142854,21.532142857142865,25.503571428571426,7.950000000000002,86.09999999999997,76.39999999999998,42.89999999999999,1994,02,297.49536,292.80786,75.225,14.256071,132,San Juan
1994-03,,30.412903225806453,22.164516129032258,26.277419354838706,8.248387096774193,42.89999999999999,86.09999999999997,35.1,1994,03,297.77676,293.29904,76.31613,14.726129,100,San Juan
1994-04,,30.08,22.856666666666662,26.470000000000006,7.223333333333334,35.1,42.89999999999999,69.89999999999999,1994,04,298.02167,293.701,77.08867,15.112667,85,San Juan
1994-05,,31.85806451612903,24.56774193548387,28.212903225806453,7.29032258064516,69.89999999999999,35.1,43.09999999999999,1994,05,299.1687,295.39066,79.896126,16.771935,90,San Juan
1994-06,,31.680000000000014,24.736666666666665,28.21333333333333,6.943333333333333,43.09999999999999,69.89999999999999,114.19999999999996,1994,06,299.52402,295.55368,79.02067,16.913,134,San Juan
1994-07,,31.612903225806466,24.964516129032255,28.287096774193547,6.648387096774195,114.19999999999996,43.09999999999999,90.69999999999997,1994,07,299.68805,295.3071,77.03065,16.640324,275,San Juan
1994-08,,32.225806451612904,25.312903225806462,28.767741935483876,6.912903225806449,90.69999999999997,114.19999999999996,46.7,1994,08,300.07355,295.8397,77.799034,17.229033,360,San Juan
1994-09,,31.766666666666676,25.20666666666667,28.50333333333333,6.56,46.7,90.69999999999997,134.6,1994,09,299.87067,295.87567,78.941666,17.276667,955,San Juan
1994-10,,31.906451612903236,24.538709677419348,28.222580645161294,7.3677419354838705,134.6,46.7,89.79999999999995,1994,10,299.72162,295.73517,78.99742,17.166775,1996,San Juan
1994-11,,30.91666666666667,23.666666666666654,27.276666666666667,7.25,89.79999999999995,134.6,211.6,1994,11,299.10434,295.68066,81.58733,17.103666,1486,San Juan
1994-12,,30.367741935483878,22.651612903225804,26.512903225806443,7.716129032258067,211.6,89.79999999999995,77.29999999999998,1994,12,298.2471,294.07806,77.93613,15.493871,770,San Juan
1995-01,,29.461290322580652,21.680645161290325,25.577419354838717,7.780645161290323,77.29999999999998,211.6,93.80000000000001,1995,01,297.47742,293.40387,78.243546,14.804839,419,San Juan
1995-02,,30.074999999999992,21.764285714285712,25.921428571428567,8.310714285714285,93.80000000000001,77.29999999999998,90.9,1995,02,297.60928,293.3882,77.5,14.784643,97,San Juan
1995-03,,28.95806451612903,21.29354838709678,25.119354838709675,7.6645161290322585,90.9,93.80000000000001,32.900000000000006,1995,03,296.92612,291.78937,73.311935,13.468064,54,San Juan
1995-04,,30.92666666666667,23.05333333333333,26.986666666666668,7.873333333333331,32.900000000000006,90.9,75.8,1995,04,298.17035,293.545,75.71533,15.004666,43,San Juan
1995-05,,31.061290322580657,23.89677419354838,27.474193548387095,7.1645161290322585,75.8,32.900000000000006,240.40000000000003,1995,05,299.26453,295.7126,81.03742,17.11871,16,San Juan
1995-06,,32.11,24.890000000000008,28.503333333333334,7.22,240.40000000000003,75.8,118.49999999999997,1995,06,300.02234,296.24365,80.01234,17.666,41,San Juan
1995-07,,32.55806451612902,25.47096774193549,29.0258064516129,7.087096774193547,118.49999999999997,240.40000000000003,125.69999999999999,1995,07,300.20743,296.89194,82.2971,18.390322,64,San Juan
1995-08,,32.6483870967742,25.67096774193549,29.177419354838708,6.977419354838709,125.69999999999999,118.49999999999997,131.09999999999997,1995,08,300.26355,296.86743,81.94839,18.401613,77,San Juan
1995-09,,32.946666666666665,25.80333333333334,29.39333333333333,7.143333333333331,131.09999999999997,125.69999999999999,182.10000000000005,1995,09,300.28333,296.931,82.08466,18.466,132,San Juan
1995-10,,31.570967741935497,24.29999999999999,27.93548387096774,7.270967741935484,182.10000000000005,131.09999999999997,155.30000000000004,1995,10,299.67258,296.29547,81.92,17.785162,176,San Juan
1995-11,,30.793333333333344,23.563333333333325,27.189999999999998,7.23,155.30000000000004,182.10000000000005,78.5,1995,11,299.33167,295.38135,79.043335,16.779333,123,San Juan
1995-12,,30.254838709677422,23.03870967741935,26.651612903225807,7.216129032258065,78.5,155.30000000000004,97.69999999999999,1995,12,298.5258,294.68805,79.5171,16.06613,91,San Juan
1996-01,,29.009677419354823,22.31290322580646,25.648387096774194,6.696774193548386,97.69999999999999,78.5,145.7,1996,01,297.52808,293.65903,79.245804,15.102258,93,San Juan
1996-02,,29.16896551724137,21.817241379310346,25.486206896551725,7.3517241379310345,145.7,97.69999999999999,62.199999999999996,1996,02,297.59033,293.36,77.496895,14.799311,75,San Juan
1996-03,,29.98064516129033,22.290322580645157,26.14193548387097,7.690322580645162,62.199999999999996,145.7,52.3,1996,03,297.6771,293.3474,77.00935,14.761935,38,San Juan
1996-04,,29.58999999999999,22.666666666666664,26.12333333333333,6.92333333333333,52.3,62.199999999999996,127.99999999999999,1996,04,298.04868,293.748,77.20734,15.145667,38,San Juan
1996-05,,29.974193548387102,23.574193548387097,26.754838709677422,6.400000000000001,127.99999999999999,52.3,60.79999999999999,1996,05,298.4842,294.98837,81.214516,16.38871,17,San Juan
1996-06,,30.276666666666674,24.23,27.256666666666664,6.046666666666666,60.79999999999999,127.99999999999999,153.0,1996,06,299.09866,295.69666,81.73167,17.082,18,San Juan
1996-07,,30.33870967741936,24.69032258064515,27.522580645161284,5.648387096774194,153.0,60.79999999999999,194.20000000000002,1996,07,299.48743,296.06613,81.673225,17.450645,46,San Juan
1996-08,,30.71612903225807,24.616129032258065,27.664516129032265,6.1000000000000005,194.20000000000002,153.0,176.60000000000002,1996,08,299.56613,296.25775,82.26742,17.693548,73,San Juan
1996-09,,30.713333333333335,24.569999999999997,27.656666666666663,6.143333333333332,176.60000000000002,194.20000000000002,385.20000000000005,1996,09,299.95065,296.66034,82.31567,18.163334,117,San Juan
1996-10,,30.838709677419356,24.274193548387093,27.558064516129033,6.564516129032257,385.20000000000005,176.60000000000002,64.8,1996,10,299.78387,296.2671,81.199036,17.733227,122,San Juan
1996-11,,28.723333333333322,23.27333333333333,25.986666666666668,5.450000000000001,64.8,385.20000000000005,202.90000000000006,1996,11,298.35834,295.227,82.97033,16.649666,119,San Juan
1996-12,,27.561290322580643,22.116129032258065,24.841935483870966,5.445161290322581,202.90000000000006,64.8,83.59999999999998,1996,12,297.18484,292.78128,76.81129,14.3403225,99,San Juan
1997-01,,27.529032258064518,21.56129032258065,24.558064516129033,5.967741935483871,83.59999999999998,202.90000000000006,101.8,1997,01,297.24515,293.24936,78.590324,14.674839,138,San Juan
1997-02,,27.300000000000008,21.61785714285714,24.485714285714288,5.682142857142857,101.8,83.59999999999998,116.49999999999996,1997,02,297.3482,293.02713,76.921425,14.447143,89,San Juan
1997-03,,28.18709677419354,21.40322580645162,24.80645161290322,6.783870967741936,116.49999999999996,101.8,46.59999999999999,1997,03,297.38483,292.65353,75.032906,14.122258,54,San Juan
1997-04,,30.77333333333333,22.813333333333325,26.803333333333335,7.96,46.59999999999999,116.49999999999996,2.1999999999999997,1997,04,298.03333,293.22665,74.862335,14.734,59,San Juan
1997-05,,31.329032258064526,23.66774193548386,27.49677419354839,7.661290322580643,2.1999999999999997,46.59999999999999,85.79999999999998,1997,05,299.1329,295.05258,78.42097,16.41742,27,San Juan
1997-06,,31.97333333333335,25.13666666666667,28.563333333333333,6.836666666666664,85.79999999999998,2.1999999999999997,25.0,1997,06,300.11566,296.255,79.622,17.674334,41,San Juan
1997-07,,31.703225806451627,25.016129032258064,28.370967741935484,6.687096774193546,25.0,85.79999999999998,120.69999999999999,1997,07,300.18515,296.46194,80.30548,17.890968,36,San Juan
1997-08,,31.60645161290324,25.14193548387097,28.38064516129032,6.464516129032255,120.69999999999999,25.0,174.3,1997,08,300.02,296.68484,82.172905,18.139032,69,San Juan
1997-09,,31.746666666666684,25.146666666666665,28.46333333333333,6.599999999999997,174.3,120.69999999999999,90.49999999999999,1997,09,300.436,297.067,82.03433,18.615,154,San Juan
1997-10,,31.157142857142865,24.978571428571428,28.074999999999996,6.178571428571428,90.49999999999999,174.3,75.59999999999998,1997,10,300.0471,296.2958,80.13806,17.778387,323,San Juan
1997-11,,30.366666666666667,23.983333333333317,27.163333333333338,6.383333333333331,75.59999999999998,90.49999999999999,173.3,1997,11,299.56067,295.901,80.45534,17.323334,214,San Juan
1997-12,,30.58387096774194,22.845161290322576,26.70967741935485,7.738709677419357,173.3,75.59999999999998,25.9,1997,12,299.65353,295.07095,76.061935,16.43258,250,San Juan
1998-01,,29.322580645161295,22.558064516129026,25.925806451612917,6.764516129032261,25.9,173.3,185.20000000000005,1998,01,298.41904,294.5055,79.10613,15.8706455,287,San Juan
1998-02,,29.399999999999995,22.50714285714286,25.95,6.892857142857143,185.20000000000005,25.9,94.60000000000001,1998,02,298.3275,293.82,76.335,15.283215,241,San Juan
1998-03,,29.041935483870965,22.229032258064525,25.62580645161291,6.812903225806452,94.60000000000001,185.20000000000005,88.59999999999998,1998,03,298.20032,294.0871,78.1371,15.489033,153,San Juan
1998-04,,29.566666666666663,23.346666666666657,26.450000000000003,6.22,88.59999999999998,94.60000000000001,105.29999999999997,1998,04,298.50433,294.621,79.25867,16.047,154,San Juan
1998-05,,30.809677419354845,24.306451612903224,27.551612903225802,6.503225806451611,105.29999999999997,88.59999999999998,93.29999999999997,1998,05,299.58936,296.23645,82.04484,17.693226,173,San Juan
1998-06,,31.653333333333347,25.11666666666667,28.39666666666667,6.536666666666664,93.29999999999997,105.29999999999997,82.59999999999998,1998,06,300.47467,296.913,81.051,18.379,283,San Juan
1998-07,,31.406451612903236,24.854838709677416,28.141935483870967,6.551612903225805,82.59999999999998,93.29999999999997,182.50000000000006,1998,07,300.16678,296.7384,81.78613,18.205484,852,San Juan
1998-08,,32.006451612903234,25.42258064516129,28.745161290322574,6.583870967741936,182.50000000000006,82.59999999999998,198.3,1998,08,300.58774,297.36484,82.74097,18.93258,1016,San Juan
1998-09,,31.43333333333334,24.913333333333334,28.18,6.519999999999998,198.3,182.50000000000006,266.1,1998,09,300.38434,297.01132,82.03833,18.555666,414,San Juan
1998-10,,31.016129032258068,24.738709677419347,27.887096774193544,6.277419354838709,266.1,198.3,173.29999999999998,1998,10,300.2371,296.84647,81.884514,18.352581,434,San Juan
1998-11,,29.80999999999999,23.639999999999997,26.716666666666665,6.169999999999998,173.29999999999998,266.1,171.2,1998,11,299.12134,295.875,82.488335,17.300333,291,San Juan
1998-12,,28.612903225806438,23.087096774193547,25.825806451612905,5.525806451612902,171.2,173.29999999999998,202.90000000000003,1998,12,298.61935,295.10645,81.09161,16.482258,297,San Juan
1999-01,2453157.0,27.974193548387095,21.8483870967742,24.912903225806456,6.125806451612902,202.90000000000003,171.2,82.19999999999999,1999,01,297.83224,293.58774,77.507416,15.028709,314,San Juan
1999-02,2453157.0,27.67499999999999,20.507142857142863,24.10714285714285,7.167857142857144,82.19999999999999,202.90000000000003,69.6,1999,02,296.78143,291.74,73.612144,13.399643,157,San Juan
1999-03,2453157.0,29.01612903225806,21.70967741935484,25.361290322580636,7.306451612903224,69.6,82.19999999999999,19.1,1999,03,298.01065,293.22,74.85226,14.668064,91,San Juan
1999-04,2453157.0,30.02,22.749999999999996,26.380000000000006,7.2700000000000005,19.1,69.6,64.39999999999999,1999,04,298.50967,293.80267,75.39667,15.233,72,San Juan
1999-05,2453157.0,31.60967741935485,24.348387096774196,27.977419354838712,7.261290322580641,64.39999999999999,19.1,101.49999999999997,1999,05,299.87903,295.57095,77.48161,16.972258,53,San Juan
1999-06,2453157.0,31.00000000000001,24.633333333333336,27.82666666666666,6.366666666666665,101.49999999999997,64.39999999999999,140.90000000000003,1999,06,299.95068,296.44632,81.26133,17.871666,45,San Juan
1999-07,2453157.0,30.580645161290327,24.374193548387098,27.467741935483865,6.206451612903226,140.90000000000003,101.49999999999997,147.7,1999,07,299.93063,296.5516,81.967094,17.990322,89,San Juan
1999-08,2453157.0,31.448387096774205,24.906451612903222,28.18387096774193,6.541935483870967,147.7,140.90000000000003,186.70000000000002,1999,08,300.26935,296.86194,81.75484,18.352581,134,San Juan
1999-09,2453157.0,31.79,24.92333333333333,28.35666666666667,6.866666666666668,186.70000000000002,147.7,147.89999999999998,1999,09,300.67166,296.847,79.778336,18.384666,185,San Juan
1999-10,2453157.0,30.603225806451626,24.319354838709664,27.451612903225804,6.283870967741934,147.89999999999998,186.70000000000002,187.7,1999,10,300.00485,296.59967,81.783875,18.099354,239,San Juan
1999-11,2453157.0,29.48,23.59,26.523333333333333,5.89,187.7,147.89999999999998,250.10000000000002,1999,11,298.93332,295.793,82.94767,17.272667,156,San Juan
1999-12,2453157.0,27.39354838709677,22.454838709677418,24.929032258064517,4.938709677419355,250.10000000000002,187.7,156.19999999999996,1999,12,297.50418,293.39355,78.08129,14.849355,98,San Juan
2000-01,2389397.0,27.28064516129032,21.261290322580653,24.26774193548387,6.0193548387096785,156.19999999999996,250.10000000000002,60.59999999999998,2000,01,297.0729,291.85065,72.85645,13.51871,92,San Juan
2000-02,2389397.0,28.324137931034475,21.33103448275862,24.824137931034482,6.9931034482758605,60.59999999999998,156.19999999999996,25.6,2000,02,297.19965,292.57724,75.49862,14.061724,27,San Juan
2000-03,2389397.0,28.283870967741922,21.20322580645162,24.748387096774195,7.080645161290321,25.6,60.59999999999998,19.9,2000,03,296.61322,291.14548,71.68613,12.920322,16,San Juan
2000-04,2389397.0,30.01333333333334,22.646666666666665,26.326666666666668,7.366666666666666,19.9,25.6,30.600000000000005,2000,04,298.04535,293.518,76.093,14.931334,10,San Juan
2000-05,2389397.0,30.390322580645165,23.561290322580636,26.974193548387102,6.829032258064513,30.600000000000005,19.9,119.89999999999999,2000,05,298.83356,294.79968,78.58322,16.170967,4,San Juan
2000-06,2389397.0,30.873333333333346,24.723333333333333,27.81333333333333,6.15,119.89999999999999,30.600000000000005,75.69999999999999,2000,06,299.729,295.514,77.78667,16.854334,11,San Juan
2000-07,2389397.0,31.46774193548388,25.038709677419355,28.264516129032256,6.429032258064515,75.69999999999999,119.89999999999999,93.29999999999998,2000,07,300.02,296.06805,79.10968,17.457096,17,San Juan
2000-08,2389397.0,31.46451612903227,24.95161290322581,28.216129032258063,6.51290322580645,93.29999999999998,75.69999999999999,242.0,2000,08,300.2587,296.6829,80.98677,18.140322,18,San Juan
2000-09,2389397.0,30.98666666666667,24.563333333333325,27.77,6.423333333333332,242.0,93.29999999999998,75.29999999999998,2000,09,300.38,296.751,80.691,18.25,32,San Juan
2000-10,2389397.0,31.083870967741944,24.251612903225798,27.658064516129034,6.832258064516126,75.29999999999998,242.0,94.69999999999999,2000,10,300.2313,296.10483,78.27645,17.538387,58,San Juan
2000-11,2389397.0,29.37666666666666,23.306666666666658,26.32666666666666,6.069999999999998,94.69999999999999,75.29999999999998,95.79999999999998,2000,11,299.43167,294.32233,73.789665,15.788,116,San Juan
2000-12,2389397.0,29.241935483870957,22.354838709677427,25.787096774193543,6.887096774193547,95.79999999999998,94.69999999999999,78.19999999999999,2000,12,298.82904,294.18808,75.69,15.554839,91,San Juan
2001-01,2395941.0,28.774193548387085,21.500000000000007,25.141935483870974,7.274193548387096,78.19999999999999,95.79999999999998,73.89999999999999,2001,01,298.08902,293.32355,75.01871,14.7309675,96,San Juan
2001-02,2395941.0,28.135714285714283,21.749999999999996,24.949999999999996,6.385714285714285,73.89999999999999,78.19999999999999,83.2,2001,02,297.58392,292.80356,74.80393,14.254286,52,San Juan
2001-03,2395941.0,29.88387096774194,22.54516129032257,26.219354838709677,7.338709677419357,83.2,73.89999999999999,40.4,2001,03,298.22806,293.67194,76.03032,15.073226,54,San Juan
2001-04,2395941.0,30.496666666666666,23.046666666666663,26.76666666666667,7.449999999999999,40.4,83.2,57.7,2001,04,298.37933,293.67432,75.33033,15.056666,35,San Juan
2001-05,2395941.0,31.661290322580648,24.67096774193548,28.170967741935478,6.990322580645159,57.7,40.4,150.20000000000007,2001,05,299.6171,295.5487,78.56419,16.933548,34,San Juan
2001-06,2395941.0,31.650000000000016,24.769999999999992,28.213333333333328,6.879999999999998,150.20000000000007,57.7,51.0,2001,06,300.238,295.824,76.957,17.191668,57,San Juan
2001-07,2395941.0,31.761290322580656,24.767741935483865,28.274193548387096,6.993548387096772,51.0,150.20000000000007,90.8,2001,07,300.47806,296.32483,78.20645,17.724516,80,San Juan
2001-08,2395941.0,31.57741935483872,25.264516129032256,28.425806451612903,6.312903225806451,90.8,51.0,163.79999999999998,2001,08,300.74194,296.96548,80.04387,18.43871,141,San Juan
2001-09,2395941.0,31.90666666666667,24.65666666666666,28.276666666666664,7.25,163.79999999999998,90.8,128.29999999999998,2001,09,300.92334,296.60333,77.50367,18.075666,225,San Juan
2001-10,2395941.0,31.24838709677421,24.34838709677419,27.806451612903217,6.899999999999998,128.29999999999998,163.79999999999998,127.19999999999996,2001,10,300.51904,296.6171,79.369675,18.095161,318,San Juan
2001-11,2395941.0,29.24666666666666,23.30666666666667,26.276666666666667,5.939999999999999,127.19999999999996,128.29999999999998,159.10000000000005,2001,11,299.16135,294.743,76.89667,16.198,265,San Juan
2001-12,2395941.0,28.680645161290318,22.758064516129036,25.712903225806453,5.9225806451612915,159.10000000000005,127.19999999999996,299.80000000000007,2001,12,298.60257,295.21033,81.71968,16.637419,106,San Juan
2002-01,2400500.0,28.78064516129031,22.445161290322577,25.590322580645168,6.335483870967741,299.80000000000007,159.10000000000005,84.69999999999999,2002,01,298.29773,294.16708,77.99935,15.5190325,154,San Juan
2002-02,2400500.0,28.66428571428571,21.950000000000006,25.3,6.714285714285714,84.69999999999999,299.80000000000007,24.500000000000004,2002,02,297.6325,292.88785,75.034645,14.352858,74,San Juan
2002-03,2400500.0,29.47096774193548,22.81935483870968,26.129032258064512,6.651612903225806,24.500000000000004,84.69999999999999,29.20000000000001,2002,03,297.91516,293.3458,75.90678,14.776129,30,San Juan
2002-04,2400500.0,29.319999999999993,23.13999999999999,26.213333333333342,6.179999999999999,29.20000000000001,24.500000000000004,123.4,2002,04,298.009,294.29034,80.00367,15.708667,20,San Juan
2002-05,2400500.0,30.587096774193558,23.86129032258064,27.20645161290323,6.725806451612905,123.4,29.20000000000001,82.29999999999997,2002,05,299.35193,295.13065,77.71871,16.495806,15,San Juan
2002-06,2400500.0,31.78333333333335,24.92666666666667,28.35666666666667,6.8566666666666665,82.29999999999997,123.4,46.3,2002,06,300.08633,296.249,79.673996,17.645666,8,San Juan
2002-07,2400500.0,31.57741935483872,25.006451612903227,28.306451612903228,6.570967741935482,46.3,82.29999999999997,131.39999999999998,2002,07,300.45032,296.40387,78.68097,17.800323,19,San Juan
2002-08,2400500.0,31.761290322580656,24.93870967741935,28.35161290322581,6.822580645161288,131.39999999999998,46.3,170.49999999999997,2002,08,300.90063,296.68646,77.9729,18.14,22,San Juan
2002-09,2400500.0,31.960000000000004,24.70333333333333,28.336666666666662,7.256666666666667,170.49999999999997,131.39999999999998,189.20000000000002,2002,09,301.08734,296.89767,78.125,18.409,21,San Juan
2002-10,2400500.0,31.16451612903227,24.261290322580635,27.703225806451616,6.903225806451611,189.20000000000002,170.49999999999997,122.29999999999998,2002,10,300.55356,296.42227,78.285805,17.887419,36,San Juan
2002-11,2400500.0,30.56333333333334,23.643333333333327,27.103333333333335,6.919999999999998,122.29999999999998,189.20000000000002,67.5,2002,11,300.227,295.741,76.58667,17.137,30,San Juan
2002-12,2400500.0,29.280645161290312,22.45161290322582,25.845161290322583,6.829032258064516,67.5,122.29999999999998,116.6,2002,12,299.2555,294.7397,76.28935,16.081936,23,San Juan
2003-01,2403420.0,29.093548387096764,21.851612903225817,25.467741935483872,7.241935483870967,116.6,67.5,116.69999999999999,2003,01,298.60226,294.3458,77.5171,15.699355,49,San Juan
2003-02,2403420.0,28.935714285714276,22.046428571428578,25.47142857142857,6.889285714285714,116.69999999999999,116.6,56.59999999999999,2003,02,298.5925,294.0682,76.17714,15.421429,25,San Juan
2003-03,2403420.0,30.241935483870968,22.84838709677419,26.53870967741935,7.393548387096773,56.59999999999999,116.69999999999999,37.699999999999996,2003,03,298.87515,293.8887,74.12452,15.288065,37,San Juan
2003-04,2403420.0,29.696666666666665,23.10333333333333,26.38666666666666,6.593333333333334,37.699999999999996,56.59999999999999,238.10000000000002,2003,04,298.76367,295.12433,80.49734,16.502,22,San Juan
2003-05,2403420.0,30.887096774193562,24.009677419354837,27.45483870967742,6.8774193548387075,238.10000000000002,37.699999999999996,42.5,2003,05,299.75354,295.31485,76.78355,16.678064,28,San Juan
2003-06,2403420.0,30.950000000000014,24.703333333333333,27.840000000000007,6.246666666666665,42.5,238.10000000000002,87.29999999999998,2003,06,299.95566,295.895,78.59133,17.277,47,San Juan
2003-07,2403420.0,30.85483870967743,24.954838709677425,27.912903225806453,5.8999999999999995,87.29999999999998,42.5,119.89999999999998,2003,07,300.2029,296.43936,80.01871,17.843225,91,San Juan
2003-08,2403420.0,31.06774193548388,24.77419354838709,27.922580645161293,6.293548387096773,119.89999999999998,87.29999999999998,143.6,2003,08,300.59097,296.90097,80.45806,18.383549,109,San Juan
2003-09,2403420.0,31.810000000000013,25.270000000000003,28.543333333333337,6.539999999999998,143.6,119.89999999999998,114.49999999999999,2003,09,301.02,297.07166,79.27333,18.613,126,San Juan
2003-10,2403420.0,31.1,24.28709677419354,27.693548387096776,6.812903225806452,114.49999999999999,143.6,122.89999999999998,2003,10,300.80807,296.60193,77.99709,18.112581,183,San Juan
2003-11,2403420.0,29.469999999999988,23.606666666666662,26.52333333333333,5.863333333333332,122.89999999999998,114.49999999999999,286.29999999999995,2003,11,299.36398,296.068,82.30067,17.545334,140,San Juan
2003-12,2403420.0,28.4516129032258,22.680645161290336,25.548387096774196,5.770967741935483,286.29999999999995,122.89999999999998,133.6,2003,12,298.62936,294.6226,78.72516,16.047743,92,San Juan
2004-01,2405376.0,27.72903225806451,21.380645161290325,24.574193548387097,6.348387096774194,133.6,286.29999999999995,49.999999999999986,2004,01,297.74063,293.32742,76.62,14.755161,80,San Juan
2004-02,2405376.0,28.320689655172412,21.351724137931033,24.841379310344827,6.968965517241379,49.999999999999986,133.6,66.1,2004,02,298.04828,293.6131,76.52689,14.991724,48,San Juan
2004-03,2405376.0,28.506451612903216,22.190322580645173,25.33870967741936,6.316129032258063,66.1,49.999999999999986,80.4,2004,03,297.66708,293.32614,76.92032,14.745483,29,San Juan
2004-04,2405376.0,29.196666666666655,22.84666666666666,26.00666666666667,6.349999999999999,80.4,66.1,78.0,2004,04,298.76868,294.14835,75.819664,15.559,25,San Juan
2004-05,2405376.0,29.219354838709673,23.532258064516125,26.354838709677423,5.687096774193549,78.0,80.4,238.39999999999998,2004,05,298.80676,295.43097,81.87613,16.821613,27,San Juan
2004-06,2405376.0,31.443333333333346,25.023333333333337,28.24,6.42,238.39999999999998,78.0,178.4,2004,06,300.27634,296.384,79.39066,17.767,49,San Juan
2004-07,2405376.0,31.241935483870986,24.906451612903222,28.080645161290324,6.335483870967739,178.4,238.39999999999998,172.4,2004,07,300.37128,296.56418,79.87129,18.014194,62,San Juan
2004-08,2405376.0,32.16451612903226,25.525806451612905,28.85806451612903,6.638709677419353,172.4,178.4,89.1,2004,08,300.88904,296.79163,78.523224,18.251936,55,San Juan
2004-09,2405376.0,31.863333333333337,25.063333333333333,28.469999999999995,6.8,89.1,172.4,249.19999999999996,2004,09,300.716,296.92834,80.083336,18.473,77,San Juan
2004-10,2405376.0,30.974193548387102,24.735483870967734,27.861290322580654,6.238709677419354,249.19999999999996,89.1,167.5,2004,10,300.2571,296.23065,78.812904,17.72129,70,San Juan
2004-11,2405376.0,29.20333333333332,23.549999999999997,26.366666666666664,5.653333333333334,167.5,249.19999999999996,148.10000000000002,2004,11,298.925,294.59134,77.25767,16.039667,44,San Juan
2004-12,2405376.0,28.638709677419342,22.864516129032257,25.735483870967744,5.774193548387095,148.10000000000002,167.5,118.39999999999999,2004,12,298.4342,294.41644,78.60516,15.823548,44,San Juan
2005-01,2403542.0,27.090322580645168,21.90322580645162,24.499999999999993,5.187096774193548,118.39999999999999,148.10000000000002,134.8,2005,01,296.95453,293.05386,79.061615,14.53871,56,San Juan
2005-02,2403542.0,27.039285714285718,21.050000000000004,24.06071428571429,5.989285714285714,134.8,118.39999999999999,22.1,2005,02,296.55142,291.59073,73.975,13.290358,41,San Juan
2005-03,2403542.0,30.622580645161296,22.364516129032253,26.487096774193557,8.258064516129034,22.1,134.8,0.0,2005,03,298.36386,293.64096,75.28968,15.064838,24,San Juan
2005-04,2403542.0,31.216666666666665,23.759999999999994,27.483333333333334,7.456666666666665,0.0,22.1,381.0,2005,04,299.409,295.504,79.32166,16.905666,18,San Juan
2005-05,2403542.0,30.82258064516129,24.600000000000005,27.706451612903233,6.22258064516129,381.0,0.0,217.90000000000003,2005,05,299.9258,296.33612,80.925804,17.836775,15,San Juan
2005-06,2403542.0,32.010000000000005,25.503333333333337,28.770000000000003,6.506666666666665,217.90000000000003,381.0,130.4,2005,06,300.878,297.02567,79.673,18.547333,69,San Juan
2005-07,2403542.0,31.993548387096784,25.564516129032267,28.793548387096774,6.429032258064515,130.4,217.90000000000003,216.1,2005,07,300.95,297.22324,80.26419,18.736774,227,San Juan
2005-08,2403542.0,32.1193548387097,25.193548387096783,28.667741935483868,6.925806451612903,216.1,130.4,181.29999999999998,2005,08,301.31677,297.0887,78.01968,18.62871,410,San Juan
2005-09,2403542.0,32.26000000000001,25.400000000000002,28.84666666666666,6.859999999999998,181.29999999999998,216.1,97.69999999999999,2005,09,301.538,297.14835,77.268,18.705666,462,San Juan
2005-10,2403542.0,31.125806451612913,24.232258064516124,27.67419354838709,6.893548387096775,97.69999999999999,181.29999999999998,303.3,2005,10,300.5355,297.04163,81.409355,18.602581,279,San Juan
2005-11,2403542.0,30.05666666666666,23.639999999999993,26.843333333333323,6.416666666666665,303.3,97.69999999999999,185.7,2005,11,299.74832,295.63333,78.34233,17.087,140,San Juan
2005-12,2403542.0,27.93548387096773,21.63225806451614,24.790322580645167,6.303225806451611,185.7,303.3,92.39999999999999,2005,12,298.71194,293.94324,75.12419,15.345806,64,San Juan
2006-01,2394920.0,27.174193548387105,21.109677419354846,24.16129032258064,6.064516129032258,92.39999999999999,185.7,164.90000000000003,2006,01,298.1584,293.36227,74.8471,14.793871,68,San Juan
2006-02,2394920.0,28.046428571428557,21.435714285714287,24.742857142857144,6.610714285714285,164.90000000000003,92.39999999999999,44.199999999999996,2006,02,298.00644,293.20428,74.872856,14.633928,28,San Juan
2006-03,2394920.0,29.083870967741934,22.719354838709673,25.87741935483871,6.364516129032257,44.199999999999996,164.90000000000003,40.099999999999994,2006,03,297.97678,293.2471,75.17742,14.69,12,San Juan
2006-04,2394920.0,29.276666666666664,23.149999999999995,26.206666666666667,6.126666666666666,40.099999999999994,44.199999999999996,255.7,2006,04,298.72766,294.419,77.278336,15.818,13,San Juan
2006-05,2394920.0,31.325806451612912,24.419354838709676,27.880645161290328,6.906451612903225,255.7,40.099999999999994,123.6,2006,05,299.58646,295.50903,78.56742,16.935162,26,San Juan
2006-06,2394920.0,31.966666666666676,24.75,28.36333333333334,7.216666666666664,123.6,255.7,120.6,2006,06,300.715,296.59534,78.41866,18.039,22,San Juan
2006-07,2394920.0,31.14193548387098,24.65806451612903,27.89354838709678,6.483870967741932,120.6,123.6,226.8,2006,07,300.4071,296.74902,80.58678,18.18871,42,San Juan
2006-08,2394920.0,30.993548387096787,25.164516129032258,28.090322580645157,5.8290322580645135,226.8,120.6,108.19999999999999,2006,08,300.7745,296.85773,79.339676,18.340645,60,San Juan
2006-09,2394920.0,32.17,25.360000000000007,28.779999999999998,6.809999999999999,108.19999999999999,226.8,45.29999999999999,2006,09,301.30966,296.80768,76.712,18.308,88,San Juan
2006-10,2394920.0,31.85161290322582,24.993548387096777,28.429032258064513,6.858064516129033,45.29999999999999,108.19999999999999,285.8,2006,10,300.97192,296.91614,78.74677,18.459677,70,San Juan
2006-11,2394920.0,30.65333333333334,23.929999999999996,27.28666666666667,6.723333333333333,285.8,45.29999999999999,145.1,2006,11,300.15466,295.418,75.416,16.842333,72,San Juan
2006-12,2394920.0,29.00645161290321,22.88709677419355,25.919354838709673,6.1193548387096754,145.1,285.8,114.49999999999996,2006,12,299.26547,294.77292,76.44258,16.135807,49,San Juan
2007-01,2382377.0,28.380645161290314,21.777419354838713,25.070967741935483,6.603225806451612,114.49999999999996,145.1,64.89999999999999,2007,01,298.23355,293.44516,74.87774,14.8383875,59,San Juan
2007-02,2382377.0,29.878571428571433,22.28571428571428,26.078571428571426,7.5928571428571425,64.89999999999999,114.49999999999996,28.000000000000004,2007,02,298.57358,293.9875,75.91107,15.351429,61,San Juan
2007-03,2382377.0,30.30645161290322,22.916129032258056,26.60322580645162,7.39032258064516,28.000000000000004,64.89999999999999,56.699999999999996,2007,03,298.67032,294.0916,75.908066,15.472259,56,San Juan
2007-04,2382377.0,30.256666666666664,23.17333333333333,26.70666666666667,7.083333333333332,56.699999999999996,28.000000000000004,248.30000000000004,2007,04,298.81467,294.46335,77.16133,15.894333,31,San Juan
2007-05,2382377.0,32.15483870967742,24.822580645161295,28.483870967741936,7.332258064516131,248.30000000000004,56.699999999999996,38.8,2007,05,300.35806,295.78967,76.2929,17.19871,52,San Juan
2007-06,2382377.0,32.42333333333334,25.326666666666675,28.889999999999997,7.096666666666666,38.8,248.30000000000004,102.69999999999999,2007,06,300.94266,296.17032,75.348,17.562666,98,San Juan
2007-07,2382377.0,31.94516129032259,25.435483870967747,28.712903225806453,6.509677419354835,102.69999999999999,38.8,116.4,2007,07,300.90872,296.36743,76.452255,17.776773,185,San Juan
2007-08,2382377.0,31.64516129032258,25.287096774193547,28.46774193548387,6.35806451612903,116.4,102.69999999999999,87.49999999999997,2007,08,301.00128,296.73904,77.73258,18.219677,315,San Juan
2007-09,2382377.0,31.52666666666668,25.03666666666667,28.296666666666667,6.489999999999998,87.49999999999997,116.4,170.29999999999998,2007,09,301.14166,296.49133,75.957664,17.948334,390,San Juan
2007-10,2382377.0,31.183870967741946,24.503225806451606,27.848387096774193,6.680645161290321,170.29999999999998,87.49999999999997,126.09999999999998,2007,10,300.6987,296.27322,77.03097,17.752258,527,San Juan
2007-11,2382377.0,29.60666666666666,23.43333333333333,26.506666666666668,6.173333333333332,126.09999999999998,170.29999999999998,152.40000000000006,2007,11,299.732,294.94867,75.191,16.378334,136,San Juan
2007-12,2382377.0,27.99032258064515,22.74838709677419,25.351612903225806,5.241935483870967,152.40000000000006,126.09999999999998,201.99999999999997,2007,12,298.69193,294.48032,77.6529,15.851935,59,San Juan
2008-01,2369802.0,27.229032258064517,21.903225806451616,24.57741935483871,5.3258064516129044,201.99999999999997,152.40000000000006,176.9,2008,01,297.8232,293.0087,74.82258,14.49129,63,San Juan
2008-02,2369802.0,27.679310344827584,21.841379310344827,24.775862068965516,5.837931034482757,176.9,201.99999999999997,50.49999999999999,2008,02,297.8152,292.9038,74.18931,14.335517,21,San Juan
2008-03,2369802.0,28.61612903225806,22.25806451612903,25.425806451612903,6.358064516129031,50.49999999999999,176.9,14.8,2008,03,297.5429,292.42905,73.271935,13.935806,10,San Juan
2008-04,2369802.0,29.32999999999999,22.749999999999996,26.023333333333333,6.579999999999999,14.8,50.49999999999999,122.99999999999999,2008,04,298.12833,293.56934,76.016,15.018666,14,San Juan
2008-05,2369802.0,30.861290322580647,24.34516129032258,27.596774193548388,6.516129032258065,122.99999999999999,14.8,127.0,2008,05,299.4455,294.77808,75.71935,16.15258,10,San Juan
2008-06,2369802.0,31.176666666666677,25.28666666666668,28.253333333333337,5.890000000000001,127.0,122.99999999999999,140.40000000000003,2008,06,300.36133,296.03534,77.407,17.429333,12,San Juan
2008-07,2369802.0,31.512903225806465,25.619354838709686,28.577419354838714,5.893548387096773,140.40000000000003,127.0,44.5,2008,07,300.5413,296.24097,77.50903,17.646774,25,San Juan
2008-08,2369802.0,31.903225806451616,26.01290322580646,28.974193548387102,5.890322580645161,44.5,140.40000000000003,101.39999999999999,2008,08,300.97934,297.08548,79.56387,18.645483,44,San Juan
2008-09,2369802.0,31.26000000000001,24.910000000000004,28.093333333333323,6.349999999999998,101.39999999999999,44.5,254.69999999999996,2008,09,300.64133,296.93167,80.396,18.481333,71,San Juan
2008-10,2369802.0,30.406451612903233,24.661290322580644,27.535483870967735,5.745161290322579,254.69999999999996,101.39999999999999,134.9,2008,10,300.22418,296.00418,77.8471,17.44871,135,San Juan
2008-11,2369802.0,29.55333333333332,23.690000000000005,26.61,5.863333333333332,134.9,254.69999999999996,106.29999999999997,2008,11,299.50934,294.862,75.86967,16.325666,163,San Juan
2008-12,2369802.0,28.451612903225797,22.60645161290323,25.51290322580645,5.845161290322579,106.29999999999997,134.9,116.59999999999997,2008,12,298.22678,293.32645,74.45,14.777741,120,San Juan
2009-01,2358308.0,28.83225806451612,22.70322580645162,25.751612903225805,6.129032258064514,116.59999999999997,106.29999999999997,63.39999999999999,2009,01,298.00677,294.00128,78.657745,15.386129,150,San Juan
2009-02,2358308.0,28.471428571428564,22.21428571428572,25.339285714285705,6.2571428571428545,63.39999999999999,116.59999999999997,84.49999999999999,2009,02,297.595,292.76892,74.656784,14.236072,148,San Juan
2009-03,2358308.0,28.161290322580644,22.44193548387097,25.29354838709677,5.719354838709677,84.49999999999999,63.39999999999999,81.7,2009,03,296.89743,291.93677,73.964836,13.5532255,100,San Juan
2009-04,2358308.0,29.833333333333332,23.066666666666666,26.443333333333335,6.766666666666665,81.7,84.49999999999999,71.19999999999999,2009,04,298.264,293.40533,74.597664,14.822,68,San Juan
2009-05,2358308.0,29.6,24.40322580645161,26.996774193548394,5.196774193548386,71.19999999999999,81.7,134.1,2009,05,298.66934,295.23163,81.47097,16.627743,38,San Juan
2009-06,2358308.0,31.80333333333333,25.236666666666675,28.52666666666666,6.566666666666665,134.1,71.19999999999999,263.3,2009,06,300.08167,295.85165,77.85567,17.262333,63,San Juan
2009-07,2358308.0,32.24516129032259,26.383870967741945,29.32903225806452,5.861290322580645,263.3,134.1,122.0,2009,07,300.84677,296.74902,78.550644,18.202904,92,San Juan
2009-08,2358308.0,32.196774193548386,26.07419354838711,29.158064516129027,6.122580645161291,122.0,263.3,217.70000000000005,2009,08,300.87,296.7087,78.26419,18.19871,149,San Juan
2009-09,2358308.0,31.97333333333334,26.05333333333335,29.023333333333333,5.919999999999998,217.70000000000005,122.0,163.50000000000003,2009,09,300.89267,296.77234,78.42,18.268333,159,San Juan
2009-10,2358308.0,32.16774193548388,26.103225806451622,29.1516129032258,6.064516129032256,163.50000000000003,217.70000000000005,92.29999999999998,2009,10,300.88904,296.5945,77.631615,18.103226,221,San Juan
2009-11,2358308.0,30.436666666666664,24.30999999999999,27.363333333333337,6.126666666666664,92.29999999999998,163.50000000000003,308.5000000000001,2009,11,300.07968,295.935,78.209335,17.399334,232,San Juan
2009-12,2358308.0,29.761290322580646,23.819354838709668,26.78387096774194,5.941935483870966,308.5000000000001,92.29999999999998,46.59999999999999,2009,12,299.4458,295.27744,78.07516,16.672903,207,San Juan
2010-01,2347833.0,28.687096774193535,22.383870967741938,25.529032258064518,6.3032258064516125,46.59999999999999,308.5000000000001,281.50000000000006,2010,01,298.3158,294.39484,79.201614,15.786775,288,San Juan
2010-02,2347833.0,30.271428571428572,23.082142857142852,26.68214285714286,7.189285714285715,281.50000000000006,46.59999999999999,27.5,2010,02,298.84644,294.43143,76.82964,15.853572,254,San Juan
2010-03,2347833.0,30.487096774193557,23.57419354838709,27.032258064516125,6.912903225806451,27.5,281.50000000000006,78.39999999999999,2010,03,299.09775,294.9626,78.23548,16.394516,217,San Juan
2010-04,2347833.0,30.12666666666667,24.013333333333332,27.056666666666672,6.113333333333335,78.39999999999999,27.5,87.9,2010,04,299.085,294.82733,77.704,16.323,232,San Juan
2010-05,2347833.0,30.703225806451623,24.935483870967747,27.816129032258065,5.76774193548387,87.9,78.39999999999999,318.00000000000006,2010,05,299.96902,296.48483,81.41516,17.971935,271,San Juan
2010-06,2347833.0,31.020000000000003,25.3,28.166666666666664,5.719999999999999,318.00000000000006,87.9,234.39999999999998,2010,06,300.644,297.21268,81.75833,18.741333,513,San Juan
2010-07,2347833.0,31.2225806451613,25.490322580645167,28.374193548387098,5.732258064516127,234.39999999999998,318.00000000000006,216.4,2010,07,300.62033,297.41418,82.85258,18.979033,1078,San Juan
2010-08,2347833.0,31.84838709677421,26.158064516129045,29.016129032258064,5.6903225806451605,216.4,234.39999999999998,213.39999999999998,2010,08,301.16904,297.3645,80.00355,18.969355,973,San Juan
2010-09,2347833.0,31.350000000000012,25.59666666666667,28.479999999999993,5.753333333333331,213.39999999999998,216.4,225.20000000000002,2010,09,301.06934,297.15,79.38467,18.74,828,San Juan
2010-10,2347833.0,31.096774193548395,24.887096774193544,27.996774193548386,6.209677419354838,225.20000000000002,213.39999999999998,199.90000000000006,2010,10,300.72614,296.55484,78.25032,18.09258,537,San Juan
2010-11,2347833.0,29.229999999999986,23.753333333333323,26.47666666666667,5.476666666666666,199.90000000000006,225.20000000000002,202.60000000000008,2010,11,299.25232,294.47733,75.322,15.964334,171,San Juan
2010-12,2347833.0,27.75806451612904,22.277419354838706,25.009677419354837,5.480645161290323,202.60000000000008,199.90000000000006,189.90000000000006,2010,12,297.92645,293.03677,74.70419,14.615807,119,San Juan
2011-01,2327325.0,28.364516129032246,21.835483870967746,25.08709677419355,6.5290322580645155,189.90000000000006,202.60000000000008,68.89999999999999,2011,01,298.03677,294.03226,78.56097,15.357419,63,San Juan
2011-02,2327325.0,28.542857142857134,22.267857142857146,25.40357142857143,6.274999999999999,68.89999999999999,189.90000000000006,55.800000000000004,2011,02,297.77893,293.32715,76.39822,14.6825,49,San Juan
2011-03,2327325.0,28.690322580645162,22.096774193548384,25.390322580645165,6.593548387096774,55.800000000000004,68.89999999999999,32.4,2011,03,297.37646,292.68387,75.328064,14.156129,26,San Juan
2011-04,2327325.0,29.52999999999999,23.11333333333333,26.296666666666674,6.416666666666666,32.4,55.800000000000004,71.2,2011,04,298.29166,293.91467,76.791,15.239667,24,San Juan
2011-05,2327325.0,29.30322580645161,23.706451612903223,26.487096774193553,5.596774193548387,71.2,32.4,276.7,2011,05,298.7329,295.51614,82.58871,16.896774,17,San Juan
2011-06,2327325.0,30.970000000000013,24.743333333333336,27.866666666666664,6.2266666666666675,276.7,71.2,345.30000000000007,2011,06,300.297,297.36066,84.03,18.812666,43,San Juan
2011-07,2327325.0,31.006451612903234,24.751612903225805,27.877419354838707,6.2548387096774185,345.30000000000007,276.7,281.49999999999994,2011,07,300.26,297.1,82.896454,18.510323,145,San Juan
2011-08,2327325.0,31.18064516129032,25.145161290322577,28.16774193548386,6.035483870967742,281.49999999999994,345.30000000000007,471.5,2011,08,300.70065,297.38483,82.2229,18.86742,194,San Juan
2011-09,2327325.0,31.123333333333346,25.013333333333335,28.076666666666664,6.109999999999999,471.5,281.49999999999994,167.9,2011,09,300.74802,297.03833,80.29633,18.497,252,San Juan
2011-10,2327325.0,31.13548387096775,24.40645161290322,27.770967741935483,6.729032258064516,167.9,471.5,140.2,2011,10,300.57098,296.38354,77.993546,17.783226,250,San Juan
2011-11,2327325.0,29.833333333333325,23.953333333333326,26.889999999999997,5.879999999999999,140.2,167.9,120.59999999999997,2011,11,299.671,295.9,79.877,17.265333,99,San Juan
2011-12,2327325.0,28.432258064516116,23.022580645161288,25.703225806451613,5.4096774193548365,120.59999999999997,140.2,207.90000000000006,2011,12,298.5029,293.90515,75.89355,15.260645,83,San Juan
2012-01,2300694.0,28.129032258064505,22.15806451612904,25.138709677419353,5.970967741935483,207.90000000000006,120.59999999999997,94.79999999999998,2012,01,297.85193,293.47388,76.744514,14.792258,89,San Juan
2012-02,2300694.0,28.503448275862063,22.337931034482754,25.42413793103448,6.165517241379309,94.79999999999998,207.90000000000006,49.79999999999998,2012,02,297.68826,293.39276,77.09035,14.717241,46,San Juan
2012-03,2300694.0,29.038709677419345,22.67419354838709,25.838709677419356,6.364516129032257,49.79999999999998,94.79999999999998,235.70000000000005,2012,03,297.58902,293.64453,78.853874,14.966129,58,San Juan
2012-04,2300694.0,30.183333333333334,23.753333333333334,26.95666666666667,6.429999999999998,235.70000000000005,49.79999999999998,134.6,2012,04,298.454,294.40433,78.44334,15.768667,58,San Juan
2012-05,2300694.0,30.425806451612917,24.496774193548383,27.470967741935482,5.929032258064515,134.6,235.70000000000005,134.39999999999998,2012,05,299.2271,295.70935,81.1271,17.04226,94,San Juan
2012-06,2300694.0,33.54666666666665,26.093333333333348,29.83666666666666,7.453333333333334,134.39999999999998,134.6,4.3,2012,06,300.784,296.46634,77.454,17.799,149,San Juan
2012-07,2300694.0,31.619354838709686,25.874193548387108,28.751612903225816,5.745161290322581,4.3,134.39999999999998,173.3,2012,07,300.50323,296.83612,80.508064,18.209354,177,San Juan
2012-08,2300694.0,31.619354838709686,25.61612903225807,28.635483870967747,6.003225806451612,173.3,4.3,190.00000000000003,2012,08,300.69775,296.98065,80.24677,18.38129,289,San Juan
2012-09,2300694.0,32.70666666666666,26.066666666666674,29.413333333333334,6.639999999999999,190.00000000000003,173.3,53.89999999999999,2012,09,301.09134,296.522,76.288,17.907999,501,San Juan
2012-10,2300694.0,32.170967741935485,25.51612903225807,28.86129032258064,6.654838709677419,53.89999999999999,190.00000000000003,118.9,2012,10,300.80676,296.8645,79.21226,18.338709,595,San Juan
2012-11,2300694.0,31.013333333333343,25.04,28.023333333333333,5.973333333333331,118.9,53.89999999999999,78.59999999999998,2012,11,300.11734,296.02966,78.419,17.392334,778,San Juan
2012-12,2300694.0,29.348387096774182,23.39677419354838,26.361290322580643,5.951612903225804,78.59999999999998,118.9,134.70000000000005,2012,12,298.77063,294.09,75.52129,15.431935,814,San Juan
2013-01,2271796.0,28.580645161290317,22.880645161290317,25.716129032258067,5.6999999999999975,134.70000000000005,78.59999999999998,45.49999999999999,2013,01,298.10257,293.54807,76.006775,14.871936,995,San Juan
2013-02,2271796.0,29.074999999999996,22.23928571428571,25.64642857142857,6.8357142857142845,45.49999999999999,134.70000000000005,58.999999999999986,2013,02,297.98608,292.90286,73.55857,14.301071,448,San Juan
2013-03,2271796.0,29.809677419354838,22.90967741935483,26.354838709677423,6.8999999999999995,58.999999999999986,45.49999999999999,48.8,2013,03,297.8126,292.91776,74.59161,14.397097,278,San Juan
2013-04,2271796.0,30.629999999999995,23.61999999999999,27.113333333333333,7.009999999999999,48.8,58.999999999999986,106.49999999999997,2013,04,298.55234,294.54068,78.663,15.831333,157,San Juan
